<?xml version="1.0" encoding="UTF-8"?>
<project-private xmlns="http://www.netbeans.org/ns/project-private/1">
    <editor-bookmarks xmlns="http://www.netbeans.org/ns/editor-bookmarks/2" lastBookmarkId="0"/>
    <open-files xmlns="http://www.netbeans.org/ns/projectui-open-files/2">
        <group>
            <file>file:/var/www/html/armazem7/src/Leoncio/armazemBundle/Controller/PedidoController.php</file>
            <file>file:/var/www/html/armazem7/src/Leoncio/armazemBundle/Resources/views/Pedido/editar.html.twig</file>
        </group>
    </open-files>
</project-private>
