<?xml version="1.0"?>
<projectProfile type="default" version="1.11.5">
  <projectDirectory>
    <projectProfileFile filesystemName=".zfproject.xml"/>
    <applicationDirectory classNamePrefix="Application_">
      <apisDirectory enabled="false"/>
      <configsDirectory>
        <applicationConfigFile type="ini"/>
      </configsDirectory>
      <controllersDirectory>
        <controllerFile controllerName="Index">
          <actionMethod actionName="index"/>
        </controllerFile>
        <controllerFile controllerName="Error"/>
      </controllersDirectory>
      <formsDirectory>
        <formFile formName="Movimentacao"/>
        <formFile formName="Login"/>
        <formFile formName="PapelFuncionario"/>
        <formFile formName="AcessoPapel"/>
        <formFile formName="Produto"/>
        <formFile formName="Item"/>
        <formFile formName="Cliente"/>
      </formsDirectory>
      <layoutsDirectory enabled="false"/>
      <modelsDirectory>
        <dbTableDirectory>
          <dbTableFile dbTableName="Funcionario"/>
          <dbTableFile dbTableName="Papel"/>
          <dbTableFile dbTableName="PapelFuncionario"/>
          <dbTableFile dbTableName="Acesso"/>
          <dbTableFile dbTableName="AcessoPapel"/>
          <dbTableFile dbTableName="Cliente"/>
          <dbTableFile dbTableName="Promocao"/>
          <dbTableFile dbTableName="Produto"/>
          <dbTableFile dbTableName="Estoque"/>
          <dbTableFile dbTableName="Movimentacao"/>
          <dbTableFile dbTableName="Pedido"/>
          <dbTableFile dbTableName="Item"/>
        </dbTableDirectory>
        <modelFile modelName="Acesso"/>
        <modelFile modelName="Cliente"/>
        <modelFile modelName="Estoque"/>
        <modelFile modelName="Funcionario"/>
        <modelFile modelName="Item"/>
        <modelFile modelName="Movimentacao"/>
        <modelFile modelName="Papel"/>
        <modelFile modelName="Pedido"/>
        <modelFile modelName="Produto"/>
        <modelFile modelName="Promocao"/>
        <modelFile modelName="RouteRuler"/>
      </modelsDirectory>
      <modulesDirectory>
        <moduleDirectory moduleName="default">
          <apisDirectory enabled="false"/>
          <configsDirectory enabled="false"/>
          <controllersDirectory>
            <controllerFile controllerName="Index">
              <actionMethod actionName="index"/>
            </controllerFile>
            <controllerFile controllerName="Error">
              <actionMethod actionName="index"/>
              <actionMethod actionName="error"/>
            </controllerFile>
            <controllerFile controllerName="Error"/>
            <controllerFile controllerName="Carrinho">
              <actionMethod actionName="index"/>
            </controllerFile>
            <controllerFile controllerName="Cliente">
              <actionMethod actionName="index"/>
              <actionMethod actionName="preCadastrar"/>
            </controllerFile>
            <controllerFile controllerName="Files">
              <actionMethod actionName="index"/>
              <actionMethod actionName="render"/>
            </controllerFile>
          </controllersDirectory>
          <formsDirectory enabled="false"/>
          <layoutsDirectory enabled="false"/>
          <modelsDirectory>
            <dbTableDirectory enabled="false"/>
          </modelsDirectory>
          <viewsDirectory>
            <viewScriptsDirectory>
              <viewControllerScriptsDirectory forControllerName="Index">
                <viewScriptFile forActionName="index"/>
              </viewControllerScriptsDirectory>
              <viewControllerScriptsDirectory forControllerName="Error">
                <viewScriptFile forActionName="index"/>
              </viewControllerScriptsDirectory>
              <viewControllerScriptsDirectory forControllerName="Error">
                <viewScriptFile forActionName="error"/>
              </viewControllerScriptsDirectory>
              <viewControllerScriptsDirectory forControllerName="Carrinho">
                <viewScriptFile forActionName="index"/>
              </viewControllerScriptsDirectory>
              <viewControllerScriptsDirectory forControllerName="Cliente">
                <viewScriptFile forActionName="index"/>
              </viewControllerScriptsDirectory>
              <viewControllerScriptsDirectory forControllerName="Cliente">
                <viewScriptFile forActionName="preCadastrar"/>
              </viewControllerScriptsDirectory>
              <viewControllerScriptsDirectory forControllerName="Files">
                <viewScriptFile forActionName="index"/>
              </viewControllerScriptsDirectory>
              <viewControllerScriptsDirectory forControllerName="Files">
                <viewScriptFile forActionName="render"/>
              </viewControllerScriptsDirectory>
            </viewScriptsDirectory>
            <viewHelpersDirectory/>
            <viewFiltersDirectory/>
          </viewsDirectory>
        </moduleDirectory>
        <moduleDirectory moduleName="admin">
          <apisDirectory enabled="false"/>
          <configsDirectory enabled="false"/>
          <controllersDirectory>
            <controllerFile controllerName="ProdutoCrud">
              <actionMethod actionName="index"/>
            </controllerFile>
            <controllerFile controllerName="Error">
              <actionMethod actionName="index"/>
              <actionMethod actionName="error"/>
            </controllerFile>
            <controllerFile controllerName="PromocaoCrud">
              <actionMethod actionName="index"/>
            </controllerFile>
            <controllerFile controllerName="EstoqueCrud">
              <actionMethod actionName="index"/>
            </controllerFile>
            <controllerFile controllerName="Movimentacao">
              <actionMethod actionName="index"/>
              <actionMethod actionName="executar"/>
            </controllerFile>
            <controllerFile controllerName="Index">
              <actionMethod actionName="index"/>
            </controllerFile>
            <controllerFile controllerName="FuncionarioCrud">
              <actionMethod actionName="index"/>
            </controllerFile>
            <controllerFile controllerName="Menu">
              <actionMethod actionName="index"/>
            </controllerFile>
            <controllerFile controllerName="PapelCrud">
              <actionMethod actionName="index"/>
            </controllerFile>
            <controllerFile controllerName="Acesso">
              <actionMethod actionName="index"/>
            </controllerFile>
            <controllerFile controllerName="AcessoCrud">
              <actionMethod actionName="index"/>
            </controllerFile>
            <controllerFile controllerName="PapelFuncionario">
              <actionMethod actionName="index"/>
            </controllerFile>
            <controllerFile controllerName="AcessoPapel">
              <actionMethod actionName="index"/>
            </controllerFile>
          </controllersDirectory>
          <formsDirectory enabled="false"/>
          <layoutsDirectory enabled="false"/>
          <modelsDirectory>
            <dbTableDirectory enabled="false"/>
          </modelsDirectory>
          <viewsDirectory>
            <viewScriptsDirectory>
              <viewControllerScriptsDirectory forControllerName="ProdutoCrud">
                <viewScriptFile forActionName="index"/>
              </viewControllerScriptsDirectory>
              <viewControllerScriptsDirectory forControllerName="Error">
                <viewScriptFile forActionName="index"/>
              </viewControllerScriptsDirectory>
              <viewControllerScriptsDirectory forControllerName="Error">
                <viewScriptFile forActionName="error"/>
              </viewControllerScriptsDirectory>
              <viewControllerScriptsDirectory forControllerName="PromocaoCrud">
                <viewScriptFile forActionName="index"/>
              </viewControllerScriptsDirectory>
              <viewControllerScriptsDirectory forControllerName="EstoqueCrud">
                <viewScriptFile forActionName="index"/>
              </viewControllerScriptsDirectory>
              <viewControllerScriptsDirectory forControllerName="Movimentacao">
                <viewScriptFile forActionName="index"/>
              </viewControllerScriptsDirectory>
              <viewControllerScriptsDirectory forControllerName="Movimentacao">
                <viewScriptFile forActionName="executar"/>
              </viewControllerScriptsDirectory>
              <viewControllerScriptsDirectory forControllerName="Index">
                <viewScriptFile forActionName="index"/>
              </viewControllerScriptsDirectory>
              <viewControllerScriptsDirectory forControllerName="FuncionarioCrud">
                <viewScriptFile forActionName="index"/>
              </viewControllerScriptsDirectory>
              <viewControllerScriptsDirectory forControllerName="Menu">
                <viewScriptFile forActionName="index"/>
              </viewControllerScriptsDirectory>
              <viewControllerScriptsDirectory forControllerName="PapelCrud">
                <viewScriptFile forActionName="index"/>
              </viewControllerScriptsDirectory>
              <viewControllerScriptsDirectory forControllerName="Acesso">
                <viewScriptFile forActionName="index"/>
              </viewControllerScriptsDirectory>
              <viewControllerScriptsDirectory forControllerName="AcessoCrud">
                <viewScriptFile forActionName="index"/>
              </viewControllerScriptsDirectory>
              <viewControllerScriptsDirectory forControllerName="PapelFuncionario">
                <viewScriptFile forActionName="index"/>
              </viewControllerScriptsDirectory>
              <viewControllerScriptsDirectory forControllerName="AcessoPapel">
                <viewScriptFile forActionName="index"/>
              </viewControllerScriptsDirectory>
            </viewScriptsDirectory>
            <viewHelpersDirectory/>
            <viewFiltersDirectory/>
          </viewsDirectory>
        </moduleDirectory>
      </modulesDirectory>
      <viewsDirectory>
        <viewScriptsDirectory>
          <viewControllerScriptsDirectory forControllerName="Index">
            <viewScriptFile forActionName="index"/>
          </viewControllerScriptsDirectory>
          <viewControllerScriptsDirectory forControllerName="Error">
            <viewScriptFile forActionName="error"/>
          </viewControllerScriptsDirectory>
        </viewScriptsDirectory>
        <viewHelpersDirectory/>
        <viewFiltersDirectory enabled="false"/>
      </viewsDirectory>
      <bootstrapFile filesystemName="Bootstrap.php"/>
    </applicationDirectory>
    <dataDirectory enabled="false">
      <cacheDirectory enabled="false"/>
      <searchIndexesDirectory enabled="false"/>
      <localesDirectory enabled="false"/>
      <logsDirectory enabled="false"/>
      <sessionsDirectory enabled="false"/>
      <uploadsDirectory enabled="false"/>
    </dataDirectory>
    <docsDirectory>
      <file filesystemName="README.txt"/>
    </docsDirectory>
    <libraryDirectory>
      <zfStandardLibraryDirectory enabled="false"/>
    </libraryDirectory>
    <publicDirectory>
      <publicStylesheetsDirectory enabled="false"/>
      <publicScriptsDirectory enabled="false"/>
      <publicImagesDirectory enabled="false"/>
      <publicIndexFile filesystemName="index.php"/>
      <htaccessFile filesystemName=".htaccess"/>
    </publicDirectory>
    <projectProvidersDirectory enabled="false"/>
    <temporaryDirectory enabled="false"/>
    <testsDirectory>
      <testPHPUnitConfigFile filesystemName="phpunit.xml"/>
      <testPHPUnitBootstrapFile filesystemName="bootstrap.php"/>
      <testApplicationDirectory>
        <testApplicationControllerDirectory>
          <testApplicationControllerFile forControllerName="Index">
            <testApplicationActionMethod forActionName="index"/>
          </testApplicationControllerFile>
        </testApplicationControllerDirectory>
        <testApplicationModulesDirectory>
          <testApplicationModuleDirectory forModuleName="default">
            <testApplicationControllerDirectory>
              <testApplicationControllerFile forControllerName="Index">
                <testApplicationActionMethod forActionName="index"/>
              </testApplicationControllerFile>
              <testApplicationControllerFile forControllerName="Error">
                <testApplicationActionMethod forActionName="index"/>
                <testApplicationActionMethod forActionName="error"/>
              </testApplicationControllerFile>
              <testApplicationControllerFile forControllerName="Carrinho">
                <testApplicationActionMethod forActionName="index"/>
              </testApplicationControllerFile>
              <testApplicationControllerFile forControllerName="Cliente">
                <testApplicationActionMethod forActionName="index"/>
                <testApplicationActionMethod forActionName="preCadastrar"/>
              </testApplicationControllerFile>
              <testApplicationControllerFile forControllerName="Files">
                <testApplicationActionMethod forActionName="index"/>
                <testApplicationActionMethod forActionName="render"/>
              </testApplicationControllerFile>
            </testApplicationControllerDirectory>
          </testApplicationModuleDirectory>
          <testApplicationModuleDirectory forModuleName="admin">
            <testApplicationControllerDirectory>
              <testApplicationControllerFile forControllerName="ProdutoCrud">
                <testApplicationActionMethod forActionName="index"/>
              </testApplicationControllerFile>
              <testApplicationControllerFile forControllerName="Error">
                <testApplicationActionMethod forActionName="index"/>
                <testApplicationActionMethod forActionName="error"/>
              </testApplicationControllerFile>
              <testApplicationControllerFile forControllerName="PromocaoCrud">
                <testApplicationActionMethod forActionName="index"/>
              </testApplicationControllerFile>
              <testApplicationControllerFile forControllerName="EstoqueCrud">
                <testApplicationActionMethod forActionName="index"/>
              </testApplicationControllerFile>
              <testApplicationControllerFile forControllerName="Movimentacao">
                <testApplicationActionMethod forActionName="index"/>
                <testApplicationActionMethod forActionName="executar"/>
              </testApplicationControllerFile>
              <testApplicationControllerFile forControllerName="Index">
                <testApplicationActionMethod forActionName="index"/>
              </testApplicationControllerFile>
              <testApplicationControllerFile forControllerName="FuncionarioCrud">
                <testApplicationActionMethod forActionName="index"/>
              </testApplicationControllerFile>
              <testApplicationControllerFile forControllerName="Menu">
                <testApplicationActionMethod forActionName="index"/>
              </testApplicationControllerFile>
              <testApplicationControllerFile forControllerName="PapelCrud">
                <testApplicationActionMethod forActionName="index"/>
              </testApplicationControllerFile>
              <testApplicationControllerFile forControllerName="Acesso">
                <testApplicationActionMethod forActionName="index"/>
              </testApplicationControllerFile>
              <testApplicationControllerFile forControllerName="AcessoCrud">
                <testApplicationActionMethod forActionName="index"/>
              </testApplicationControllerFile>
              <testApplicationControllerFile forControllerName="PapelFuncionario">
                <testApplicationActionMethod forActionName="index"/>
              </testApplicationControllerFile>
              <testApplicationControllerFile forControllerName="AcessoPapel">
                <testApplicationActionMethod forActionName="index"/>
              </testApplicationControllerFile>
            </testApplicationControllerDirectory>
          </testApplicationModuleDirectory>
        </testApplicationModulesDirectory>
      </testApplicationDirectory>
      <testLibraryDirectory/>
    </testsDirectory>
  </projectDirectory>
</projectProfile>
